﻿State/UTs,Sum of Women Owned MSMEs
Andaman and Nicobar Islands,4655
Andhra Pradesh,1332126
Arunachal Pradesh,11683
Assam,331016
Bihar,1525287
Chandigarh,14304
Chhattisgarh,412172
Dadra and Nagar Haveli and Daman and Diu,6739
Delhi,276746
Goa,38561
Gujarat,912052
Haryana,390068
Himachal Pradesh,52568
Jammu and Kashmir,154080
Jharkhand,550417
Karnataka,1656845
Kerala,606823
Ladakh,4872
Lakshadweep,446
Madhya Pradesh,1349621
Maharashtra,2535077
Manipur,65068
Meghalaya,16810
Mizoram,24140
Nagaland,26858
Odisha,779711
Puducherry,40235
Punjab,491259
Rajasthan,815207
Sikkim,10046
Tamil Nadu,1926040
Telangana,948659
Tripura,162406
Uttar Pradesh,1968385
Uttarakhand,146090
West Bengal,2486603
